/*
 Navicat Premium Data Transfer

 Source Server         : localhost
 Source Server Type    : Oracle
 Source Server Version : 120200
 Source Host           : localhost:1521
 Source Schema         : CSUORACLE

 Target Server Type    : Oracle
 Target Server Version : 120200
 File Encoding         : 65001

 Date: 24/06/2020 16:27:39
*/


-- ----------------------------
-- Table structure for CORTO
-- ----------------------------
DROP TABLE "CSUORACLE"."CORTO";
CREATE TABLE "CSUORACLE"."CORTO" (
  "CORTO_ID" NUMBER VISIBLE NOT NULL ,
  "NOMBRE" VARCHAR2(50 BYTE) VISIBLE ,
  "DESCRIPCION" VARCHAR2(80 BYTE) VISIBLE ,
  "ESTADO" VARCHAR2(1 BYTE) VISIBLE 
)
TABLESPACE "USERS"
LOGGING
NOCOMPRESS
PCTFREE 10
INITRANS 1
STORAGE (
  INITIAL 65536 
  NEXT 1048576 
  MINEXTENTS 1
  MAXEXTENTS 2147483645
  BUFFER_POOL DEFAULT
)
PARALLEL 1
NOCACHE
DISABLE ROW MOVEMENT
;

-- ----------------------------
-- Records of CORTO
-- ----------------------------
INSERT INTO "CSUORACLE"."CORTO" VALUES ('26', '999', 'csuDos', 'f');
INSERT INTO "CSUORACLE"."CORTO" VALUES ('0', '*', 'Todos', 't');
INSERT INTO "CSUORACLE"."CORTO" VALUES ('1', '*123#', 'csu_ussd', 't');
INSERT INTO "CSUORACLE"."CORTO" VALUES ('2', '7255', 'csu_sms', 't');
INSERT INTO "CSUORACLE"."CORTO" VALUES ('3', '172', 'csu_sms', 't');
INSERT INTO "CSUORACLE"."CORTO" VALUES ('4', '174', 'csu_sms', 't');
INSERT INTO "CSUORACLE"."CORTO" VALUES ('5', '*611#', 'csu_ussd', 't');
INSERT INTO "CSUORACLE"."CORTO" VALUES ('23', '1234', '1234', 't');
INSERT INTO "CSUORACLE"."CORTO" VALUES ('16', '*191#', 'CORTO calidad', 't');
INSERT INTO "CSUORACLE"."CORTO" VALUES ('17', '1013', 'calidad sms', 't');
INSERT INTO "CSUORACLE"."CORTO" VALUES ('18', '*105#', 'USSD', 't');

-- ----------------------------
-- Table structure for COS
-- ----------------------------
DROP TABLE "CSUORACLE"."COS";
CREATE TABLE "CSUORACLE"."COS" (
  "COS_ID" NUMBER VISIBLE NOT NULL ,
  "NOMBRE" VARCHAR2(50 BYTE) VISIBLE ,
  "DESCRIPCION" VARCHAR2(80 BYTE) VISIBLE ,
  "HABILITADO" VARCHAR2(5 BYTE) VISIBLE ,
  "ESTADO" VARCHAR2(1 BYTE) VISIBLE 
)
TABLESPACE "USERS"
LOGGING
NOCOMPRESS
PCTFREE 10
INITRANS 1
STORAGE (
  INITIAL 65536 
  NEXT 1048576 
  MINEXTENTS 1
  MAXEXTENTS 2147483645
  BUFFER_POOL DEFAULT
)
PARALLEL 1
NOCACHE
DISABLE ROW MOVEMENT
;

-- ----------------------------
-- Records of COS
-- ----------------------------
INSERT INTO "CSUORACLE"."COS" VALUES ('0', '*', 'Todos', 't', 't');
INSERT INTO "CSUORACLE"."COS" VALUES ('2', 'BROADBANG_1GB_STAFF', 'BROADBANG_1GB_STAFF', 't', 't');
INSERT INTO "CSUORACLE"."COS" VALUES ('3', 'BROADBAND_3000MB', 'BROADBAND_3000MB', 't', 't');
INSERT INTO "CSUORACLE"."COS" VALUES ('4', 'BROADBAND_1000MB', 'BROADBAND_1000MB', 't', 't');
INSERT INTO "CSUORACLE"."COS" VALUES ('5', 'BROADBAND_2000MB_DPI', 'BROADBAND_2000MB_DPI', 't', 't');
INSERT INTO "CSUORACLE"."COS" VALUES ('6', 'TIGO_PREPAGO_DPI', 'TIGO_PREPAGO_DPI', 't', 't');
INSERT INTO "CSUORACLE"."COS" VALUES ('7', 'BROADBAND_1024MB', 'BROADBAND_1024MB', 't', 't');
INSERT INTO "CSUORACLE"."COS" VALUES ('8', 'BROADBAND_2000MB', 'BROADBAND_2000MB', 't', 't');
INSERT INTO "CSUORACLE"."COS" VALUES ('9', 'BROADBAND_DPI', 'BROADBAND_DPI', 't', 't');
INSERT INTO "CSUORACLE"."COS" VALUES ('10', 'TIGO_PREPAGO_DC', 'TIGO_PREPAGO_DC', 't', 't');
INSERT INTO "CSUORACLE"."COS" VALUES ('11', 'BROADBAND_1GB', 'BROADBAND_1GB', 't', 't');
INSERT INTO "CSUORACLE"."COS" VALUES ('12', 'BROADBAND_1100MB', 'BROADBAND_1100MB', 't', 't');
INSERT INTO "CSUORACLE"."COS" VALUES ('13', 'BROADBAND_10000MB', 'BROADBAND_10000MB', 't', 't');
INSERT INTO "CSUORACLE"."COS" VALUES ('14', 'BROADBAND_5500MB', 'BROADBAND_5500MB', 't', 't');
INSERT INTO "CSUORACLE"."COS" VALUES ('15', 'BROADBAND_5000MB', 'BROADBAND_5000MB', 't', 't');
INSERT INTO "CSUORACLE"."COS" VALUES ('16', 'BROADBAND_8000MB', 'BROADBAND_8000MB', 't', 't');
INSERT INTO "CSUORACLE"."COS" VALUES ('17', 'BROADBAND_LIBRE', 'BROADBAND_LIBRE', 't', 't');
INSERT INTO "CSUORACLE"."COS" VALUES ('18', 'BROADBAND_FULL', 'BROADBAND_FULL', 't', 't');
INSERT INTO "CSUORACLE"."COS" VALUES ('19', 'BROADBAND_3GB', 'BROADBAND_3GB', 't', 't');
INSERT INTO "CSUORACLE"."COS" VALUES ('20', 'BROADBAND_PREMIUM', 'BROADBAND_PREMIUM', 't', 't');
INSERT INTO "CSUORACLE"."COS" VALUES ('21', 'PRUEBAS_TIGO', 'PRUEBAS_TIGO', 't', 't');
INSERT INTO "CSUORACLE"."COS" VALUES ('22', 'TIGO_PREPAGO_TEMPORAL', 'TIGO_PREPAGO_TEMPORAL', 't', 't');
INSERT INTO "CSUORACLE"."COS" VALUES ('23', 'STAFF_VENTAS_LTE', 'STAFF_VENTAS_LTE', 't', 't');
INSERT INTO "CSUORACLE"."COS" VALUES ('24', 'PLAN_STAFF_LTE', 'PLAN_STAFF_LTE', 't', 't');
INSERT INTO "CSUORACLE"."COS" VALUES ('25', 'PLAN_STAFF_500_LTE', 'PLAN_STAFF_500_LTE', 't', 't');
INSERT INTO "CSUORACLE"."COS" VALUES ('26', 'PLAN_STAFF_1000_LTE', 'PLAN_STAFF_1000_LTE', 't', 't');
INSERT INTO "CSUORACLE"."COS" VALUES ('27', 'PLAN_STAFF_100_LTE', 'PLAN_STAFF_100_LTE', 't', 't');
INSERT INTO "CSUORACLE"."COS" VALUES ('28', 'PLAN_STAFF_VENTAS_300_LTE', 'PLAN_STAFF_VENTAS_300_LTE', 't', 't');
INSERT INTO "CSUORACLE"."COS" VALUES ('29', 'PLAN_STAFF_300_LTE', 'PLAN_STAFF_300_LTE', 't', 't');
INSERT INTO "CSUORACLE"."COS" VALUES ('35', 'F_FIJA_750_NEW', 'F_FIJA_750_NEW', 't', 't');
INSERT INTO "CSUORACLE"."COS" VALUES ('36', 'F_FIJA_350_NEW', 'F_FIJA_350_NEW', 't', 't');
INSERT INTO "CSUORACLE"."COS" VALUES ('37', 'F_FIJA_750_LTE', 'F_FIJA_750_LTE', 't', 't');
INSERT INTO "CSUORACLE"."COS" VALUES ('38', 'F_FIJA_350_LTE', 'F_FIJA_350_LTE', 't', 't');
INSERT INTO "CSUORACLE"."COS" VALUES ('39', 'F_FIJAFACIL_250_LTE', 'F_FIJAFACIL_250_LTE', 't', 't');
INSERT INTO "CSUORACLE"."COS" VALUES ('40', 'F_FIJA_200_LTE', 'F_FIJA_200_LTE', 't', 't');
INSERT INTO "CSUORACLE"."COS" VALUES ('41', 'F_FIJA_250_LTE', 'F_FIJA_250_LTE', 't', 't');
INSERT INTO "CSUORACLE"."COS" VALUES ('42', 'F_FIJA_500_LTE', 'F_FIJA_500_LTE', 't', 't');
INSERT INTO "CSUORACLE"."COS" VALUES ('43', 'F_FIJAFACIL_150_LTE', 'F_FIJAFACIL_150_LTE', 't', 't');
INSERT INTO "CSUORACLE"."COS" VALUES ('44', 'F_FIJAFACIL_200_LTE', 'F_FIJAFACIL_200_LTE', 't', 't');
INSERT INTO "CSUORACLE"."COS" VALUES ('45', 'F_FIJA_150_LTE', 'F_FIJA_150_LTE', 't', 't');
INSERT INTO "CSUORACLE"."COS" VALUES ('46', 'EMPRESARIAL_750', 'EMPRESARIAL_750', 't', 't');
INSERT INTO "CSUORACLE"."COS" VALUES ('47', 'EMPRESARIAL_40', 'EMPRESARIAL_40', 't', 't');
INSERT INTO "CSUORACLE"."COS" VALUES ('48', 'EMPRESARIAL_100', 'EMPRESARIAL_100', 't', 't');
INSERT INTO "CSUORACLE"."COS" VALUES ('49', 'EMPRESARIAL_250', 'EMPRESARIAL_250', 't', 't');
INSERT INTO "CSUORACLE"."COS" VALUES ('50', 'EMPRESARIAL_500', 'EMPRESARIAL_500', 't', 't');
INSERT INTO "CSUORACLE"."COS" VALUES ('51', 'EMPRESARIAL_75', 'EMPRESARIAL_75', 't', 't');
INSERT INTO "CSUORACLE"."COS" VALUES ('52', 'EMPRESARIAL_150', 'EMPRESARIAL_150', 't', 't');
INSERT INTO "CSUORACLE"."COS" VALUES ('53', 'EMPRESARIAL_200', 'EMPRESARIAL_200', 't', 't');
INSERT INTO "CSUORACLE"."COS" VALUES ('54', 'EMPRESARIAL_350', 'EMPRESARIAL_350', 't', 't');
INSERT INTO "CSUORACLE"."COS" VALUES ('55', 'EMPRESARIAL_1100', 'EMPRESARIAL_1100', 't', 't');
INSERT INTO "CSUORACLE"."COS" VALUES ('56', 'EMPRESARIAL_2200', 'EMPRESARIAL_2200', 't', 't');
INSERT INTO "CSUORACLE"."COS" VALUES ('57', 'ENTERPRISE_150', 'ENTERPRISE_150', 't', 't');
INSERT INTO "CSUORACLE"."COS" VALUES ('58', 'ENTERPRISE_200', 'ENTERPRISE_200', 't', 't');
INSERT INTO "CSUORACLE"."COS" VALUES ('59', 'ENTERPRISE_250', 'ENTERPRISE_250', 't', 't');
INSERT INTO "CSUORACLE"."COS" VALUES ('60', 'BLUE_SINLIMITE_150', 'BLUE_SINLIMITE_150', 't', 't');
INSERT INTO "CSUORACLE"."COS" VALUES ('61', 'BLUE_SINLIMITE_200', 'BLUE_SINLIMITE_200', 't', 't');
INSERT INTO "CSUORACLE"."COS" VALUES ('62', 'BLUE_SINLIMITE_250', 'BLUE_SINLIMITE_250', 't', 't');
INSERT INTO "CSUORACLE"."COS" VALUES ('63', 'F_FIJA_FACIL_MIXTO_179', 'F_FIJA_FACIL_MIXTO_179', 't', 't');
INSERT INTO "CSUORACLE"."COS" VALUES ('64', 'TIGO_PREPAGO', 'TIGO_PREPAGO', 't', 't');
INSERT INTO "CSUORACLE"."COS" VALUES ('65', 'TIGO_PREPAGO_LTE', 'TIGO_PREPAGO_LTE', 't', 't');
INSERT INTO "CSUORACLE"."COS" VALUES ('66', 'NEGOCIO_PLUS_175', 'NEGOCIO_PLUS_175', 't', 't');
INSERT INTO "CSUORACLE"."COS" VALUES ('67', 'NEGOCIO_PLUS_225', 'NEGOCIO_PLUS_225', 't', 't');
INSERT INTO "CSUORACLE"."COS" VALUES ('68', 'NEGOCIO_PLUS_275', 'NEGOCIO_PLUS_275', 't', 't');
INSERT INTO "CSUORACLE"."COS" VALUES ('69', 'NEGOCIO_PLUS_375', 'NEGOCIO_PLUS_375', 't', 't');
INSERT INTO "CSUORACLE"."COS" VALUES ('70', 'NEGOCIO_PLUS_525', 'NEGOCIO_PLUS_525', 't', 't');
INSERT INTO "CSUORACLE"."COS" VALUES ('71', 'NEGOCIO_PLUS_750', 'NEGOCIO_PLUS_750', 't', 't');
INSERT INTO "CSUORACLE"."COS" VALUES ('72', 'F_FIJA_100_LTE', 'F_FIJA_100_LTE', 't', 't');
INSERT INTO "CSUORACLE"."COS" VALUES ('73', 'NEGOCIO_750', 'NEGOCIO_750', 't', 't');
INSERT INTO "CSUORACLE"."COS" VALUES ('74', 'NEGOCIO_175', 'NEGOCIO_175', 't', 't');
INSERT INTO "CSUORACLE"."COS" VALUES ('75', 'NEGOCIO_225', 'NEGOCIO_225', 't', 't');
INSERT INTO "CSUORACLE"."COS" VALUES ('76', 'NEGOCIO_275', 'NEGOCIO_275', 't', 't');
INSERT INTO "CSUORACLE"."COS" VALUES ('77', 'NEGOCIO_375', 'NEGOCIO_375', 't', 't');
INSERT INTO "CSUORACLE"."COS" VALUES ('78', 'NEGOCIO_525', 'NEGOCIO_525', 't', 't');
INSERT INTO "CSUORACLE"."COS" VALUES ('79', 'TIGOPREPAGOINCREIBLE', 'TIGOPREPAGOINCREIBLE', 't', 't');
INSERT INTO "CSUORACLE"."COS" VALUES ('80', 'MB_PLAN', 'MB_PLAN', 't', 'f');
INSERT INTO "CSUORACLE"."COS" VALUES ('81', 'PLAN_TIGO_TOTAL', 'PLAN_TIGO_TOTAL', 't', 't');
INSERT INTO "CSUORACLE"."COS" VALUES ('82', 'PLAN_TIGO_TOTAL_PLUS', 'PLAN_TIGO_TOTAL_PLUS', 't', 't');
INSERT INTO "CSUORACLE"."COS" VALUES ('242', 'prueba_COS', 'prueba_COS', 't', 'f');
INSERT INTO "CSUORACLE"."COS" VALUES ('244', 'PLAN_STAFF', 'PLAN_STAFF', 't', 't');
INSERT INTO "CSUORACLE"."COS" VALUES ('245', 'PLAN_STAFF_100', 'PLAN_STAFF_100', 't', 't');
INSERT INTO "CSUORACLE"."COS" VALUES ('246', 'PLAN_STAFF_1000', 'PLAN_STAFF_1000', 't', 't');
INSERT INTO "CSUORACLE"."COS" VALUES ('247', 'PLAN_STAFF_300', 'PLAN_STAFF_300', 't', 't');
INSERT INTO "CSUORACLE"."COS" VALUES ('248', 'PLAN_STAFF_500', 'PLAN_STAFF_500', 't', 't');
INSERT INTO "CSUORACLE"."COS" VALUES ('249', 'PLAN_STAFF_VENTAS_300', 'PLAN_STAFF_VENTAS_300', 't', 't');
INSERT INTO "CSUORACLE"."COS" VALUES ('250', 'STAFF_VENTAS', 'STAFF_VENTAS', 't', 't');
INSERT INTO "CSUORACLE"."COS" VALUES ('257', '1234', '1234', 't', 't');
INSERT INTO "CSUORACLE"."COS" VALUES ('260', 'csuDos', 'csu', 't', 'f');

-- ----------------------------
-- Table structure for OCC
-- ----------------------------
DROP TABLE "CSUORACLE"."OCC";
CREATE TABLE "CSUORACLE"."OCC" (
  "OCC_ID" NUMBER(8) VISIBLE NOT NULL ,
  "CONFIG_ID" NUMBER(8) VISIBLE ,
  "ORIGEN_ID" NUMBER(8) VISIBLE ,
  "CORTO_ID" NUMBER(8) VISIBLE ,
  "COS_ID" NUMBER(8) VISIBLE ,
  "POSICION" NUMBER(8) VISIBLE ,
  "ESTADO" VARCHAR2(1 BYTE) VISIBLE 
)
TABLESPACE "USERS"
LOGGING
NOCOMPRESS
PCTFREE 10
INITRANS 1
STORAGE (
  INITIAL 65536 
  NEXT 1048576 
  MINEXTENTS 1
  MAXEXTENTS 2147483645
  BUFFER_POOL DEFAULT
)
PARALLEL 1
NOCACHE
DISABLE ROW MOVEMENT
;

-- ----------------------------
-- Records of OCC
-- ----------------------------
INSERT INTO "CSUORACLE"."OCC" VALUES ('343', '108', '0', '0', '57', '4', 'f');
INSERT INTO "CSUORACLE"."OCC" VALUES ('344', '108', '0', '0', '58', '5', 'f');
INSERT INTO "CSUORACLE"."OCC" VALUES ('345', '108', '0', '0', '59', '6', 'f');
INSERT INTO "CSUORACLE"."OCC" VALUES ('346', '108', '0', '0', '60', '7', 'f');
INSERT INTO "CSUORACLE"."OCC" VALUES ('347', '108', '0', '0', '61', '8', 'f');
INSERT INTO "CSUORACLE"."OCC" VALUES ('348', '108', '0', '0', '62', '9', 'f');
INSERT INTO "CSUORACLE"."OCC" VALUES ('349', '108', '0', '0', '66', '10', 'f');
INSERT INTO "CSUORACLE"."OCC" VALUES ('350', '108', '0', '0', '67', '11', 'f');
INSERT INTO "CSUORACLE"."OCC" VALUES ('351', '108', '0', '0', '68', '12', 'f');
INSERT INTO "CSUORACLE"."OCC" VALUES ('352', '108', '0', '0', '69', '13', 'f');
INSERT INTO "CSUORACLE"."OCC" VALUES ('353', '108', '0', '0', '70', '14', 'f');
INSERT INTO "CSUORACLE"."OCC" VALUES ('354', '108', '0', '0', '74', '15', 'f');
INSERT INTO "CSUORACLE"."OCC" VALUES ('355', '108', '0', '0', '75', '16', 'f');
INSERT INTO "CSUORACLE"."OCC" VALUES ('356', '108', '0', '0', '76', '17', 'f');
INSERT INTO "CSUORACLE"."OCC" VALUES ('357', '108', '0', '0', '77', '18', 'f');
INSERT INTO "CSUORACLE"."OCC" VALUES ('358', '108', '0', '0', '78', '19', 'f');
INSERT INTO "CSUORACLE"."OCC" VALUES ('359', '108', '0', '0', '47', '20', 'f');
INSERT INTO "CSUORACLE"."OCC" VALUES ('360', '108', '0', '0', '48', '21', 'f');
INSERT INTO "CSUORACLE"."OCC" VALUES ('361', '108', '0', '0', '51', '22', 'f');
INSERT INTO "CSUORACLE"."OCC" VALUES ('362', '108', '0', '0', '52', '23', 'f');
INSERT INTO "CSUORACLE"."OCC" VALUES ('363', '108', '0', '0', '72', '24', 'f');
INSERT INTO "CSUORACLE"."OCC" VALUES ('364', '108', '0', '0', '45', '25', 'f');
INSERT INTO "CSUORACLE"."OCC" VALUES ('365', '108', '0', '0', '40', '26', 'f');
INSERT INTO "CSUORACLE"."OCC" VALUES ('366', '108', '0', '0', '41', '27', 'f');
INSERT INTO "CSUORACLE"."OCC" VALUES ('367', '108', '0', '0', '38', '28', 'f');
INSERT INTO "CSUORACLE"."OCC" VALUES ('368', '108', '0', '0', '42', '29', 'f');
INSERT INTO "CSUORACLE"."OCC" VALUES ('369', '108', '0', '0', '43', '30', 'f');
INSERT INTO "CSUORACLE"."OCC" VALUES ('370', '108', '0', '0', '44', '31', 'f');
INSERT INTO "CSUORACLE"."OCC" VALUES ('371', '108', '0', '0', '39', '32', 'f');
INSERT INTO "CSUORACLE"."OCC" VALUES ('372', '108', '0', '0', '81', '33', 'f');
INSERT INTO "CSUORACLE"."OCC" VALUES ('373', '108', '0', '0', '82', '34', 'f');
INSERT INTO "CSUORACLE"."OCC" VALUES ('269', '106', '0', '0', '49', '0', 'f');
INSERT INTO "CSUORACLE"."OCC" VALUES ('270', '106', '0', '0', '50', '1', 'f');
INSERT INTO "CSUORACLE"."OCC" VALUES ('271', '106', '0', '0', '53', '2', 'f');
INSERT INTO "CSUORACLE"."OCC" VALUES ('272', '106', '0', '0', '54', '3', 'f');
INSERT INTO "CSUORACLE"."OCC" VALUES ('273', '106', '0', '0', '57', '4', 'f');
INSERT INTO "CSUORACLE"."OCC" VALUES ('274', '106', '0', '0', '58', '5', 'f');
INSERT INTO "CSUORACLE"."OCC" VALUES ('275', '106', '0', '0', '59', '6', 'f');
INSERT INTO "CSUORACLE"."OCC" VALUES ('276', '106', '0', '0', '60', '7', 'f');
INSERT INTO "CSUORACLE"."OCC" VALUES ('277', '106', '0', '0', '61', '8', 'f');
INSERT INTO "CSUORACLE"."OCC" VALUES ('278', '106', '0', '0', '62', '9', 'f');
INSERT INTO "CSUORACLE"."OCC" VALUES ('279', '106', '0', '0', '66', '10', 'f');
INSERT INTO "CSUORACLE"."OCC" VALUES ('280', '106', '0', '0', '67', '11', 'f');
INSERT INTO "CSUORACLE"."OCC" VALUES ('281', '106', '0', '0', '68', '12', 'f');
INSERT INTO "CSUORACLE"."OCC" VALUES ('282', '106', '0', '0', '69', '13', 'f');
INSERT INTO "CSUORACLE"."OCC" VALUES ('283', '106', '0', '0', '70', '14', 'f');
INSERT INTO "CSUORACLE"."OCC" VALUES ('284', '106', '0', '0', '74', '15', 'f');
INSERT INTO "CSUORACLE"."OCC" VALUES ('285', '106', '0', '0', '75', '16', 'f');
INSERT INTO "CSUORACLE"."OCC" VALUES ('286', '106', '0', '0', '76', '17', 'f');
INSERT INTO "CSUORACLE"."OCC" VALUES ('287', '106', '0', '0', '77', '18', 'f');
INSERT INTO "CSUORACLE"."OCC" VALUES ('288', '106', '0', '0', '78', '19', 'f');
INSERT INTO "CSUORACLE"."OCC" VALUES ('289', '106', '0', '0', '47', '20', 'f');
INSERT INTO "CSUORACLE"."OCC" VALUES ('290', '106', '0', '0', '48', '21', 'f');
INSERT INTO "CSUORACLE"."OCC" VALUES ('291', '106', '0', '0', '51', '22', 'f');
INSERT INTO "CSUORACLE"."OCC" VALUES ('292', '106', '0', '0', '52', '23', 'f');
INSERT INTO "CSUORACLE"."OCC" VALUES ('293', '106', '0', '0', '72', '24', 'f');
INSERT INTO "CSUORACLE"."OCC" VALUES ('294', '106', '0', '0', '45', '25', 'f');
INSERT INTO "CSUORACLE"."OCC" VALUES ('295', '106', '0', '0', '40', '26', 'f');
INSERT INTO "CSUORACLE"."OCC" VALUES ('296', '106', '0', '0', '41', '27', 'f');
INSERT INTO "CSUORACLE"."OCC" VALUES ('297', '106', '0', '0', '38', '28', 'f');
INSERT INTO "CSUORACLE"."OCC" VALUES ('298', '106', '0', '0', '42', '29', 'f');
INSERT INTO "CSUORACLE"."OCC" VALUES ('299', '106', '0', '0', '43', '30', 'f');
INSERT INTO "CSUORACLE"."OCC" VALUES ('300', '106', '0', '0', '44', '31', 'f');
INSERT INTO "CSUORACLE"."OCC" VALUES ('301', '106', '0', '0', '39', '32', 'f');
INSERT INTO "CSUORACLE"."OCC" VALUES ('302', '106', '0', '0', '81', '33', 'f');
INSERT INTO "CSUORACLE"."OCC" VALUES ('303', '106', '0', '0', '82', '34', 'f');
INSERT INTO "CSUORACLE"."OCC" VALUES ('267', '105', '0', '0', '65', '0', 'f');
INSERT INTO "CSUORACLE"."OCC" VALUES ('268', '105', '0', '0', '64', '1', 'f');
INSERT INTO "CSUORACLE"."OCC" VALUES ('304', '107', '0', '0', '49', '0', 'f');
INSERT INTO "CSUORACLE"."OCC" VALUES ('305', '107', '0', '0', '50', '1', 'f');
INSERT INTO "CSUORACLE"."OCC" VALUES ('306', '107', '0', '0', '53', '2', 'f');
INSERT INTO "CSUORACLE"."OCC" VALUES ('307', '107', '0', '0', '54', '3', 'f');
INSERT INTO "CSUORACLE"."OCC" VALUES ('308', '107', '0', '0', '57', '4', 'f');
INSERT INTO "CSUORACLE"."OCC" VALUES ('309', '107', '0', '0', '58', '5', 'f');
INSERT INTO "CSUORACLE"."OCC" VALUES ('310', '107', '0', '0', '59', '6', 'f');
INSERT INTO "CSUORACLE"."OCC" VALUES ('311', '107', '0', '0', '60', '7', 'f');
INSERT INTO "CSUORACLE"."OCC" VALUES ('312', '107', '0', '0', '61', '8', 'f');
INSERT INTO "CSUORACLE"."OCC" VALUES ('313', '107', '0', '0', '62', '9', 'f');
INSERT INTO "CSUORACLE"."OCC" VALUES ('314', '107', '0', '0', '66', '10', 'f');
INSERT INTO "CSUORACLE"."OCC" VALUES ('315', '107', '0', '0', '67', '11', 'f');
INSERT INTO "CSUORACLE"."OCC" VALUES ('316', '107', '0', '0', '68', '12', 'f');
INSERT INTO "CSUORACLE"."OCC" VALUES ('317', '107', '0', '0', '69', '13', 'f');
INSERT INTO "CSUORACLE"."OCC" VALUES ('318', '107', '0', '0', '70', '14', 'f');
INSERT INTO "CSUORACLE"."OCC" VALUES ('319', '107', '0', '0', '74', '15', 'f');
INSERT INTO "CSUORACLE"."OCC" VALUES ('320', '107', '0', '0', '75', '16', 'f');
INSERT INTO "CSUORACLE"."OCC" VALUES ('321', '107', '0', '0', '76', '17', 'f');
INSERT INTO "CSUORACLE"."OCC" VALUES ('322', '107', '0', '0', '77', '18', 'f');
INSERT INTO "CSUORACLE"."OCC" VALUES ('323', '107', '0', '0', '78', '19', 'f');
INSERT INTO "CSUORACLE"."OCC" VALUES ('324', '107', '0', '0', '47', '20', 'f');
INSERT INTO "CSUORACLE"."OCC" VALUES ('325', '107', '0', '0', '48', '21', 'f');
INSERT INTO "CSUORACLE"."OCC" VALUES ('326', '107', '0', '0', '51', '22', 'f');
INSERT INTO "CSUORACLE"."OCC" VALUES ('327', '107', '0', '0', '52', '23', 'f');
INSERT INTO "CSUORACLE"."OCC" VALUES ('328', '107', '0', '0', '72', '24', 'f');
INSERT INTO "CSUORACLE"."OCC" VALUES ('329', '107', '0', '0', '45', '25', 'f');
INSERT INTO "CSUORACLE"."OCC" VALUES ('330', '107', '0', '0', '40', '26', 'f');
INSERT INTO "CSUORACLE"."OCC" VALUES ('331', '107', '0', '0', '41', '27', 'f');
INSERT INTO "CSUORACLE"."OCC" VALUES ('332', '107', '0', '0', '38', '28', 'f');
INSERT INTO "CSUORACLE"."OCC" VALUES ('333', '107', '0', '0', '42', '29', 'f');
INSERT INTO "CSUORACLE"."OCC" VALUES ('334', '107', '0', '0', '43', '30', 'f');
INSERT INTO "CSUORACLE"."OCC" VALUES ('335', '107', '0', '0', '44', '31', 'f');
INSERT INTO "CSUORACLE"."OCC" VALUES ('336', '107', '0', '0', '39', '32', 'f');
INSERT INTO "CSUORACLE"."OCC" VALUES ('337', '107', '0', '0', '81', '33', 'f');
INSERT INTO "CSUORACLE"."OCC" VALUES ('338', '107', '0', '0', '82', '34', 'f');
INSERT INTO "CSUORACLE"."OCC" VALUES ('1', '5', '0', '0', '20', '0', 'f');
INSERT INTO "CSUORACLE"."OCC" VALUES ('2', '5', '0', '0', '17', '0', 'f');
INSERT INTO "CSUORACLE"."OCC" VALUES ('3', '5', '0', '0', '3', '0', 'f');
INSERT INTO "CSUORACLE"."OCC" VALUES ('4', '5', '0', '0', '15', '0', 'f');
INSERT INTO "CSUORACLE"."OCC" VALUES ('5', '5', '0', '0', '4', '0', 'f');
INSERT INTO "CSUORACLE"."OCC" VALUES ('6', '5', '0', '0', '16', '0', 'f');
INSERT INTO "CSUORACLE"."OCC" VALUES ('7', '5', '0', '0', '18', '0', 'f');
INSERT INTO "CSUORACLE"."OCC" VALUES ('8', '5', '0', '0', '7', '0', 'f');
INSERT INTO "CSUORACLE"."OCC" VALUES ('9', '5', '0', '0', '12', '0', 'f');
INSERT INTO "CSUORACLE"."OCC" VALUES ('10', '5', '0', '0', '8', '0', 'f');
INSERT INTO "CSUORACLE"."OCC" VALUES ('11', '5', '0', '0', '14', '0', 'f');
INSERT INTO "CSUORACLE"."OCC" VALUES ('12', '5', '0', '0', '13', '0', 'f');
INSERT INTO "CSUORACLE"."OCC" VALUES ('13', '5', '0', '0', '9', '0', 'f');
INSERT INTO "CSUORACLE"."OCC" VALUES ('14', '5', '0', '0', '11', '0', 'f');
INSERT INTO "CSUORACLE"."OCC" VALUES ('15', '5', '0', '0', '19', '0', 'f');
INSERT INTO "CSUORACLE"."OCC" VALUES ('16', '5', '0', '0', '2', '0', 'f');
INSERT INTO "CSUORACLE"."OCC" VALUES ('17', '5', '0', '0', '5', '0', 'f');
INSERT INTO "CSUORACLE"."OCC" VALUES ('18', '0', '0', '0', '10', '0', 't');
INSERT INTO "CSUORACLE"."OCC" VALUES ('19', '0', '0', '0', '6', '0', 't');
INSERT INTO "CSUORACLE"."OCC" VALUES ('20', '10', '0', '0', '21', '0', 'f');
INSERT INTO "CSUORACLE"."OCC" VALUES ('21', '11', '0', '0', '21', '0', 'f');
INSERT INTO "CSUORACLE"."OCC" VALUES ('22', '13', '0', '0', '22', '0', 'f');
INSERT INTO "CSUORACLE"."OCC" VALUES ('24', '11', '0', '0', '26', '1', 'f');
INSERT INTO "CSUORACLE"."OCC" VALUES ('25', '11', '0', '0', '27', '2', 'f');
INSERT INTO "CSUORACLE"."OCC" VALUES ('26', '11', '0', '0', '29', '3', 'f');
INSERT INTO "CSUORACLE"."OCC" VALUES ('27', '11', '0', '0', '25', '4', 'f');
INSERT INTO "CSUORACLE"."OCC" VALUES ('28', '11', '0', '0', '24', '5', 'f');
INSERT INTO "CSUORACLE"."OCC" VALUES ('29', '11', '0', '0', '28', '6', 'f');
INSERT INTO "CSUORACLE"."OCC" VALUES ('30', '17', '0', '0', '36', '0', 'f');
INSERT INTO "CSUORACLE"."OCC" VALUES ('31', '17', '0', '0', '35', '0', 'f');
INSERT INTO "CSUORACLE"."OCC" VALUES ('32', '17', '0', '0', '39', '5', 'f');
INSERT INTO "CSUORACLE"."OCC" VALUES ('33', '17', '0', '0', '38', '1', 'f');
INSERT INTO "CSUORACLE"."OCC" VALUES ('34', '17', '0', '0', '37', '2', 'f');
INSERT INTO "CSUORACLE"."OCC" VALUES ('35', '19', '0', '0', '37', '0', 'f');
INSERT INTO "CSUORACLE"."OCC" VALUES ('36', '17', '0', '0', '41', '0', 'f');
INSERT INTO "CSUORACLE"."OCC" VALUES ('37', '17', '0', '0', '42', '2', 'f');
INSERT INTO "CSUORACLE"."OCC" VALUES ('38', '17', '0', '0', '43', '3', 'f');
INSERT INTO "CSUORACLE"."OCC" VALUES ('39', '17', '0', '0', '44', '4', 'f');
INSERT INTO "CSUORACLE"."OCC" VALUES ('40', '17', '0', '0', '40', '6', 'f');
INSERT INTO "CSUORACLE"."OCC" VALUES ('41', '17', '0', '0', '37', '7', 'f');
INSERT INTO "CSUORACLE"."OCC" VALUES ('42', '17', '0', '1', '41', '0', 'f');
INSERT INTO "CSUORACLE"."OCC" VALUES ('43', '17', '0', '1', '38', '1', 'f');
INSERT INTO "CSUORACLE"."OCC" VALUES ('44', '17', '0', '1', '42', '2', 'f');
INSERT INTO "CSUORACLE"."OCC" VALUES ('45', '17', '0', '1', '43', '3', 'f');
INSERT INTO "CSUORACLE"."OCC" VALUES ('46', '17', '0', '1', '44', '4', 'f');
INSERT INTO "CSUORACLE"."OCC" VALUES ('47', '17', '0', '1', '39', '5', 'f');
INSERT INTO "CSUORACLE"."OCC" VALUES ('48', '17', '0', '1', '40', '6', 'f');
INSERT INTO "CSUORACLE"."OCC" VALUES ('49', '17', '0', '1', '37', '7', 'f');
INSERT INTO "CSUORACLE"."OCC" VALUES ('50', '17', '0', '3', '40', '8', 'f');
INSERT INTO "CSUORACLE"."OCC" VALUES ('51', '17', '0', '3', '38', '9', 'f');
INSERT INTO "CSUORACLE"."OCC" VALUES ('52', '17', '0', '3', '42', '10', 'f');
INSERT INTO "CSUORACLE"."OCC" VALUES ('53', '17', '0', '3', '43', '11', 'f');
INSERT INTO "CSUORACLE"."OCC" VALUES ('54', '17', '0', '3', '44', '12', 'f');
INSERT INTO "CSUORACLE"."OCC" VALUES ('55', '17', '0', '3', '39', '13', 'f');
INSERT INTO "CSUORACLE"."OCC" VALUES ('56', '17', '0', '3', '37', '14', 'f');
INSERT INTO "CSUORACLE"."OCC" VALUES ('57', '17', '0', '4', '41', '15', 'f');
INSERT INTO "CSUORACLE"."OCC" VALUES ('58', '17', '0', '4', '38', '16', 'f');
INSERT INTO "CSUORACLE"."OCC" VALUES ('59', '17', '0', '4', '42', '17', 'f');
INSERT INTO "CSUORACLE"."OCC" VALUES ('60', '17', '0', '4', '43', '18', 'f');
INSERT INTO "CSUORACLE"."OCC" VALUES ('61', '17', '0', '4', '44', '19', 'f');
INSERT INTO "CSUORACLE"."OCC" VALUES ('62', '17', '0', '4', '39', '20', 'f');
INSERT INTO "CSUORACLE"."OCC" VALUES ('63', '17', '0', '4', '40', '21', 'f');
INSERT INTO "CSUORACLE"."OCC" VALUES ('64', '17', '0', '4', '37', '22', 'f');
INSERT INTO "CSUORACLE"."OCC" VALUES ('65', '17', '0', '5', '41', '23', 'f');
INSERT INTO "CSUORACLE"."OCC" VALUES ('66', '17', '0', '5', '38', '24', 'f');
INSERT INTO "CSUORACLE"."OCC" VALUES ('67', '17', '0', '5', '42', '25', 'f');
INSERT INTO "CSUORACLE"."OCC" VALUES ('68', '17', '0', '5', '43', '26', 'f');
INSERT INTO "CSUORACLE"."OCC" VALUES ('69', '17', '0', '5', '44', '27', 'f');
INSERT INTO "CSUORACLE"."OCC" VALUES ('70', '17', '0', '5', '39', '28', 'f');
INSERT INTO "CSUORACLE"."OCC" VALUES ('71', '17', '0', '5', '40', '29', 'f');
INSERT INTO "CSUORACLE"."OCC" VALUES ('72', '17', '0', '5', '37', '30', 'f');
INSERT INTO "CSUORACLE"."OCC" VALUES ('73', '17', '0', '2', '41', '31', 'f');
INSERT INTO "CSUORACLE"."OCC" VALUES ('74', '17', '0', '2', '38', '32', 'f');
INSERT INTO "CSUORACLE"."OCC" VALUES ('75', '17', '0', '2', '42', '33', 'f');
INSERT INTO "CSUORACLE"."OCC" VALUES ('76', '17', '0', '2', '43', '34', 'f');
INSERT INTO "CSUORACLE"."OCC" VALUES ('77', '17', '0', '2', '44', '35', 'f');
INSERT INTO "CSUORACLE"."OCC" VALUES ('78', '17', '0', '2', '39', '36', 'f');
INSERT INTO "CSUORACLE"."OCC" VALUES ('79', '17', '0', '2', '40', '37', 'f');
INSERT INTO "CSUORACLE"."OCC" VALUES ('80', '17', '0', '2', '37', '38', 'f');
INSERT INTO "CSUORACLE"."OCC" VALUES ('81', '17', '0', '0', '41', '1', 'f');
INSERT INTO "CSUORACLE"."OCC" VALUES ('82', '17', '0', '0', '38', '2', 'f');
INSERT INTO "CSUORACLE"."OCC" VALUES ('83', '17', '0', '0', '42', '3', 'f');
INSERT INTO "CSUORACLE"."OCC" VALUES ('84', '17', '0', '0', '43', '4', 'f');
INSERT INTO "CSUORACLE"."OCC" VALUES ('85', '17', '0', '0', '44', '5', 'f');
INSERT INTO "CSUORACLE"."OCC" VALUES ('86', '17', '0', '0', '39', '6', 'f');
INSERT INTO "CSUORACLE"."OCC" VALUES ('87', '17', '0', '0', '40', '7', 'f');
INSERT INTO "CSUORACLE"."OCC" VALUES ('88', '17', '0', '0', '37', '7', 'f');
INSERT INTO "CSUORACLE"."OCC" VALUES ('89', '21', '0', '0', '45', '0', 'f');
INSERT INTO "CSUORACLE"."OCC" VALUES ('90', '22', '0', '0', '37', '0', 'f');
INSERT INTO "CSUORACLE"."OCC" VALUES ('91', '22', '0', '0', '46', '1', 'f');
INSERT INTO "CSUORACLE"."OCC" VALUES ('92', '21', '0', '0', '47', '0', 'f');
INSERT INTO "CSUORACLE"."OCC" VALUES ('93', '21', '0', '0', '48', '0', 'f');
INSERT INTO "CSUORACLE"."OCC" VALUES ('96', '21', '0', '0', '51', '0', 'f');
INSERT INTO "CSUORACLE"."OCC" VALUES ('97', '21', '0', '0', '52', '1', 'f');
INSERT INTO "CSUORACLE"."OCC" VALUES ('95', '23', '0', '0', '50', '1', 't');
INSERT INTO "CSUORACLE"."OCC" VALUES ('94', '23', '0', '0', '49', '0', 't');
INSERT INTO "CSUORACLE"."OCC" VALUES ('100', '22', '0', '0', '55', '2', 'f');
INSERT INTO "CSUORACLE"."OCC" VALUES ('101', '22', '0', '0', '56', '3', 'f');
INSERT INTO "CSUORACLE"."OCC" VALUES ('102', '21', '0', '0', '57', '4', 'f');
INSERT INTO "CSUORACLE"."OCC" VALUES ('108', '18', '0', '0', '21', '0', 'f');
INSERT INTO "CSUORACLE"."OCC" VALUES ('109', '18', '0', '0', '21', '0', 'f');
INSERT INTO "CSUORACLE"."OCC" VALUES ('110', '18', '0', '0', '64', '1', 'f');
INSERT INTO "CSUORACLE"."OCC" VALUES ('111', '18', '0', '0', '65', '2', 'f');
INSERT INTO "CSUORACLE"."OCC" VALUES ('112', '18', '0', '0', '64', '0', 'f');
INSERT INTO "CSUORACLE"."OCC" VALUES ('113', '18', '0', '0', '65', '1', 'f');
INSERT INTO "CSUORACLE"."OCC" VALUES ('114', '17', '0', '0', '45', '0', 'f');
INSERT INTO "CSUORACLE"."OCC" VALUES ('120', '23', '0', '0', '71', '14', 'f');
INSERT INTO "CSUORACLE"."OCC" VALUES ('121', '22', '0', '0', '71', '4', 'f');
INSERT INTO "CSUORACLE"."OCC" VALUES ('122', '17', '0', '0', '72', '8', 'f');
INSERT INTO "CSUORACLE"."OCC" VALUES ('123', '24', '0', '0', '21', '0', 'f');
INSERT INTO "CSUORACLE"."OCC" VALUES ('129', '22', '0', '0', '73', '5', 'f');
INSERT INTO "CSUORACLE"."OCC" VALUES ('130', '27', '0', '0', '21', '0', 'f');
INSERT INTO "CSUORACLE"."OCC" VALUES ('131', '17', '0', '0', '81', '9', 'f');
INSERT INTO "CSUORACLE"."OCC" VALUES ('132', '17', '0', '0', '82', '10', 'f');
INSERT INTO "CSUORACLE"."OCC" VALUES ('167', '53', '0', '1', '60', '0', 'f');
INSERT INTO "CSUORACLE"."OCC" VALUES ('168', '18', '0', '16', '64', '0', 'f');
INSERT INTO "CSUORACLE"."OCC" VALUES ('169', '18', '0', '16', '65', '1', 'f');
INSERT INTO "CSUORACLE"."OCC" VALUES ('170', '18', '0', '17', '64', '1', 'f');
INSERT INTO "CSUORACLE"."OCC" VALUES ('171', '18', '0', '17', '65', '2', 'f');
INSERT INTO "CSUORACLE"."OCC" VALUES ('172', '18', '0', '16', '6', '3', 'f');
INSERT INTO "CSUORACLE"."OCC" VALUES ('173', '22', '0', '16', '37', '0', 'f');
INSERT INTO "CSUORACLE"."OCC" VALUES ('174', '22', '0', '16', '46', '1', 'f');
INSERT INTO "CSUORACLE"."OCC" VALUES ('175', '22', '0', '16', '55', '2', 'f');
INSERT INTO "CSUORACLE"."OCC" VALUES ('176', '22', '0', '16', '56', '3', 'f');
INSERT INTO "CSUORACLE"."OCC" VALUES ('177', '22', '0', '16', '71', '4', 'f');
INSERT INTO "CSUORACLE"."OCC" VALUES ('178', '22', '0', '16', '73', '5', 'f');
INSERT INTO "CSUORACLE"."OCC" VALUES ('181', '18', '0', '0', '64', '1', 'f');
INSERT INTO "CSUORACLE"."OCC" VALUES ('182', '18', '0', '0', '21', '1', 'f');
INSERT INTO "CSUORACLE"."OCC" VALUES ('183', '22', '0', '0', '37', '0', 't');
INSERT INTO "CSUORACLE"."OCC" VALUES ('184', '22', '0', '0', '46', '1', 't');
INSERT INTO "CSUORACLE"."OCC" VALUES ('185', '22', '0', '0', '55', '2', 't');
INSERT INTO "CSUORACLE"."OCC" VALUES ('186', '22', '0', '0', '56', '3', 't');
INSERT INTO "CSUORACLE"."OCC" VALUES ('187', '22', '0', '0', '71', '4', 't');
INSERT INTO "CSUORACLE"."OCC" VALUES ('188', '22', '0', '0', '73', '5', 't');
INSERT INTO "CSUORACLE"."OCC" VALUES ('191', '5', '0', '0', '21', '0', 'f');
INSERT INTO "CSUORACLE"."OCC" VALUES ('193', '55', '0', '18', '26', '0', 'f');
INSERT INTO "CSUORACLE"."OCC" VALUES ('194', '55', '0', '18', '27', '1', 'f');
INSERT INTO "CSUORACLE"."OCC" VALUES ('195', '55', '0', '18', '29', '2', 'f');
INSERT INTO "CSUORACLE"."OCC" VALUES ('196', '55', '0', '18', '25', '3', 'f');
INSERT INTO "CSUORACLE"."OCC" VALUES ('197', '55', '0', '18', '24', '4', 'f');
INSERT INTO "CSUORACLE"."OCC" VALUES ('198', '55', '0', '18', '28', '5', 'f');
INSERT INTO "CSUORACLE"."OCC" VALUES ('199', '55', '0', '18', '23', '6', 'f');
INSERT INTO "CSUORACLE"."OCC" VALUES ('200', '55', '0', '18', '245', '7', 'f');
INSERT INTO "CSUORACLE"."OCC" VALUES ('201', '55', '0', '18', '246', '8', 'f');
INSERT INTO "CSUORACLE"."OCC" VALUES ('202', '55', '0', '18', '247', '9', 'f');
INSERT INTO "CSUORACLE"."OCC" VALUES ('203', '55', '0', '18', '248', '10', 'f');
INSERT INTO "CSUORACLE"."OCC" VALUES ('204', '55', '0', '18', '249', '11', 'f');
INSERT INTO "CSUORACLE"."OCC" VALUES ('205', '55', '0', '18', '250', '12', 'f');
INSERT INTO "CSUORACLE"."OCC" VALUES ('206', '55', '0', '2', '250', '13', 'f');
INSERT INTO "CSUORACLE"."OCC" VALUES ('207', '55', '0', '2', '23', '14', 'f');
INSERT INTO "CSUORACLE"."OCC" VALUES ('208', '55', '0', '2', '28', '15', 'f');
INSERT INTO "CSUORACLE"."OCC" VALUES ('209', '55', '0', '2', '249', '16', 'f');
INSERT INTO "CSUORACLE"."OCC" VALUES ('210', '55', '0', '2', '24', '17', 'f');
INSERT INTO "CSUORACLE"."OCC" VALUES ('211', '55', '0', '2', '25', '18', 'f');
INSERT INTO "CSUORACLE"."OCC" VALUES ('212', '55', '0', '2', '248', '19', 'f');
INSERT INTO "CSUORACLE"."OCC" VALUES ('213', '55', '0', '2', '29', '20', 'f');
INSERT INTO "CSUORACLE"."OCC" VALUES ('214', '55', '0', '2', '247', '21', 'f');
INSERT INTO "CSUORACLE"."OCC" VALUES ('215', '55', '0', '2', '27', '22', 'f');
INSERT INTO "CSUORACLE"."OCC" VALUES ('216', '55', '0', '2', '26', '23', 'f');
INSERT INTO "CSUORACLE"."OCC" VALUES ('217', '55', '0', '2', '246', '24', 'f');
INSERT INTO "CSUORACLE"."OCC" VALUES ('218', '55', '0', '2', '245', '25', 'f');
INSERT INTO "CSUORACLE"."OCC" VALUES ('219', '55', '0', '2', '244', '26', 'f');
INSERT INTO "CSUORACLE"."OCC" VALUES ('220', '55', '0', '16', '246', '27', 'f');
INSERT INTO "CSUORACLE"."OCC" VALUES ('221', '55', '0', '16', '29', '28', 'f');
INSERT INTO "CSUORACLE"."OCC" VALUES ('223', '55', '0', '16', '25', '29', 'f');
INSERT INTO "CSUORACLE"."OCC" VALUES ('99', '23', '0', '0', '54', '3', 't');
INSERT INTO "CSUORACLE"."OCC" VALUES ('179', '23', '0', '0', '57', '4', 't');
INSERT INTO "CSUORACLE"."OCC" VALUES ('103', '23', '0', '0', '58', '5', 't');
INSERT INTO "CSUORACLE"."OCC" VALUES ('105', '23', '0', '0', '60', '7', 't');
INSERT INTO "CSUORACLE"."OCC" VALUES ('106', '23', '0', '0', '61', '8', 't');
INSERT INTO "CSUORACLE"."OCC" VALUES ('107', '23', '0', '0', '62', '9', 't');
INSERT INTO "CSUORACLE"."OCC" VALUES ('115', '23', '0', '0', '66', '10', 't');
INSERT INTO "CSUORACLE"."OCC" VALUES ('116', '23', '0', '0', '67', '11', 't');
INSERT INTO "CSUORACLE"."OCC" VALUES ('117', '23', '0', '0', '68', '12', 't');
INSERT INTO "CSUORACLE"."OCC" VALUES ('118', '23', '0', '0', '69', '13', 't');
INSERT INTO "CSUORACLE"."OCC" VALUES ('119', '23', '0', '0', '70', '14', 't');
INSERT INTO "CSUORACLE"."OCC" VALUES ('124', '23', '0', '0', '74', '15', 't');
INSERT INTO "CSUORACLE"."OCC" VALUES ('125', '23', '0', '0', '75', '16', 't');
INSERT INTO "CSUORACLE"."OCC" VALUES ('126', '23', '0', '0', '76', '17', 't');
INSERT INTO "CSUORACLE"."OCC" VALUES ('127', '23', '0', '0', '77', '18', 't');
INSERT INTO "CSUORACLE"."OCC" VALUES ('128', '23', '0', '0', '78', '19', 't');
INSERT INTO "CSUORACLE"."OCC" VALUES ('224', '23', '0', '0', '47', '20', 't');
INSERT INTO "CSUORACLE"."OCC" VALUES ('225', '23', '0', '0', '48', '21', 't');
INSERT INTO "CSUORACLE"."OCC" VALUES ('226', '23', '0', '0', '51', '22', 't');
INSERT INTO "CSUORACLE"."OCC" VALUES ('227', '23', '0', '0', '52', '23', 't');
INSERT INTO "CSUORACLE"."OCC" VALUES ('229', '23', '0', '0', '72', '24', 't');
INSERT INTO "CSUORACLE"."OCC" VALUES ('230', '23', '0', '0', '45', '25', 't');
INSERT INTO "CSUORACLE"."OCC" VALUES ('231', '23', '0', '0', '40', '26', 't');
INSERT INTO "CSUORACLE"."OCC" VALUES ('189', '18', '0', '0', '64', '1', 't');
INSERT INTO "CSUORACLE"."OCC" VALUES ('98', '23', '0', '0', '53', '2', 't');
INSERT INTO "CSUORACLE"."OCC" VALUES ('242', '55', '0', '0', '25', '27', 'f');
INSERT INTO "CSUORACLE"."OCC" VALUES ('243', '55', '0', '0', '29', '28', 'f');
INSERT INTO "CSUORACLE"."OCC" VALUES ('245', '55', '0', '0', '244', '0', 't');
INSERT INTO "CSUORACLE"."OCC" VALUES ('246', '55', '0', '0', '245', '1', 't');
INSERT INTO "CSUORACLE"."OCC" VALUES ('247', '55', '0', '0', '246', '2', 't');
INSERT INTO "CSUORACLE"."OCC" VALUES ('248', '55', '0', '0', '26', '3', 't');
INSERT INTO "CSUORACLE"."OCC" VALUES ('249', '55', '0', '0', '27', '4', 't');
INSERT INTO "CSUORACLE"."OCC" VALUES ('250', '55', '0', '0', '247', '5', 't');
INSERT INTO "CSUORACLE"."OCC" VALUES ('251', '55', '0', '0', '29', '6', 't');
INSERT INTO "CSUORACLE"."OCC" VALUES ('252', '55', '0', '0', '248', '7', 't');
INSERT INTO "CSUORACLE"."OCC" VALUES ('253', '55', '0', '0', '25', '8', 't');
INSERT INTO "CSUORACLE"."OCC" VALUES ('254', '55', '0', '0', '24', '9', 't');
INSERT INTO "CSUORACLE"."OCC" VALUES ('255', '55', '0', '0', '249', '10', 't');
INSERT INTO "CSUORACLE"."OCC" VALUES ('256', '55', '0', '0', '28', '11', 't');
INSERT INTO "CSUORACLE"."OCC" VALUES ('257', '55', '0', '0', '250', '12', 't');
INSERT INTO "CSUORACLE"."OCC" VALUES ('258', '55', '0', '0', '23', '13', 't');
INSERT INTO "CSUORACLE"."OCC" VALUES ('104', '23', '0', '0', '59', '6', 't');
INSERT INTO "CSUORACLE"."OCC" VALUES ('232', '23', '0', '0', '41', '27', 't');
INSERT INTO "CSUORACLE"."OCC" VALUES ('233', '23', '0', '0', '38', '28', 't');
INSERT INTO "CSUORACLE"."OCC" VALUES ('234', '23', '0', '0', '42', '29', 't');
INSERT INTO "CSUORACLE"."OCC" VALUES ('235', '23', '0', '0', '43', '30', 't');
INSERT INTO "CSUORACLE"."OCC" VALUES ('236', '23', '0', '0', '44', '31', 't');
INSERT INTO "CSUORACLE"."OCC" VALUES ('237', '23', '0', '0', '39', '32', 't');
INSERT INTO "CSUORACLE"."OCC" VALUES ('238', '23', '0', '0', '81', '33', 't');
INSERT INTO "CSUORACLE"."OCC" VALUES ('239', '23', '0', '0', '82', '34', 't');
INSERT INTO "CSUORACLE"."OCC" VALUES ('23', '3', '0', '0', '0', '0', 'f');
INSERT INTO "CSUORACLE"."OCC" VALUES ('241', '5', '0', '0', '21', '0', 't');
INSERT INTO "CSUORACLE"."OCC" VALUES ('180', '18', '0', '0', '65', '0', 't');
INSERT INTO "CSUORACLE"."OCC" VALUES ('261', '3', '0', '0', '0', '0', 't');
INSERT INTO "CSUORACLE"."OCC" VALUES ('263', '102', '0', '0', '65', '0', 'f');
INSERT INTO "CSUORACLE"."OCC" VALUES ('264', '102', '0', '0', '64', '1', 'f');
INSERT INTO "CSUORACLE"."OCC" VALUES ('265', '102', '0', '0', '65', '0', 'f');
INSERT INTO "CSUORACLE"."OCC" VALUES ('266', '102', '0', '0', '64', '1', 'f');
INSERT INTO "CSUORACLE"."OCC" VALUES ('374', '109', '0', '0', '65', '0', 'f');
INSERT INTO "CSUORACLE"."OCC" VALUES ('375', '109', '0', '0', '64', '1', 'f');
INSERT INTO "CSUORACLE"."OCC" VALUES ('339', '108', '0', '0', '49', '0', 'f');
INSERT INTO "CSUORACLE"."OCC" VALUES ('340', '108', '0', '0', '50', '1', 'f');
INSERT INTO "CSUORACLE"."OCC" VALUES ('341', '108', '0', '0', '53', '2', 'f');
INSERT INTO "CSUORACLE"."OCC" VALUES ('342', '108', '0', '0', '54', '3', 'f');

-- ----------------------------
-- Table structure for ORIGEN
-- ----------------------------
DROP TABLE "CSUORACLE"."ORIGEN";
CREATE TABLE "CSUORACLE"."ORIGEN" (
  "ORIGEN_ID" NUMBER(8) VISIBLE NOT NULL ,
  "NOMBRE" VARCHAR2(50 BYTE) VISIBLE ,
  "DESCRIPCION" VARCHAR2(80 BYTE) VISIBLE ,
  "ESTADO" VARCHAR2(1 BYTE) VISIBLE 
)
TABLESPACE "USERS"
LOGGING
NOCOMPRESS
PCTFREE 10
INITRANS 1
STORAGE (
  INITIAL 65536 
  NEXT 1048576 
  MINEXTENTS 1
  MAXEXTENTS 2147483645
  BUFFER_POOL DEFAULT
)
PARALLEL 1
NOCACHE
DISABLE ROW MOVEMENT
;

-- ----------------------------
-- Records of ORIGEN
-- ----------------------------
INSERT INTO "CSUORACLE"."ORIGEN" VALUES ('0', '*', 'Todos', 't');
INSERT INTO "CSUORACLE"."ORIGEN" VALUES ('1', '77806933', '77806933', 'f');
INSERT INTO "CSUORACLE"."ORIGEN" VALUES ('3', 'csuDos', 'csuDos', 'f');

-- ----------------------------
-- Primary Key structure for table CORTO
-- ----------------------------
ALTER TABLE "CSUORACLE"."CORTO" ADD CONSTRAINT "CORTO_PKEY" PRIMARY KEY ("CORTO_ID");

-- ----------------------------
-- Checks structure for table CORTO
-- ----------------------------
ALTER TABLE "CSUORACLE"."CORTO" ADD CONSTRAINT "CORTO_CORTO_ID_CHECK" CHECK (("CORTO_ID" IS NOT NULL)) NOT DEFERRABLE INITIALLY IMMEDIATE NORELY VALIDATE;
ALTER TABLE "CSUORACLE"."CORTO" ADD CONSTRAINT "SYS_C0012464" CHECK ("CORTO_ID" IS NOT NULL) NOT DEFERRABLE INITIALLY IMMEDIATE NORELY VALIDATE;
ALTER TABLE "CSUORACLE"."CORTO" ADD CONSTRAINT "SYS_C0027497" CHECK ("CORTO_ID" IS NOT NULL) NOT DEFERRABLE INITIALLY IMMEDIATE NORELY VALIDATE;
ALTER TABLE "CSUORACLE"."CORTO" ADD CONSTRAINT "SYS_C0029256" CHECK ("CORTO_ID" IS NOT NULL) NOT DEFERRABLE INITIALLY IMMEDIATE NORELY VALIDATE;
ALTER TABLE "CSUORACLE"."CORTO" ADD CONSTRAINT "SYS_C007913" CHECK ("CORTO_ID" IS NOT NULL) NOT DEFERRABLE INITIALLY IMMEDIATE NORELY VALIDATE;

-- ----------------------------
-- Primary Key structure for table COS
-- ----------------------------
ALTER TABLE "CSUORACLE"."COS" ADD CONSTRAINT "COS_PKEY" PRIMARY KEY ("COS_ID");

-- ----------------------------
-- Checks structure for table COS
-- ----------------------------
ALTER TABLE "CSUORACLE"."COS" ADD CONSTRAINT "COS_COS_ID_CHECK" CHECK (("COS_ID" IS NOT NULL)) NOT DEFERRABLE INITIALLY IMMEDIATE NORELY VALIDATE;
ALTER TABLE "CSUORACLE"."COS" ADD CONSTRAINT "SYS_C0012465" CHECK ("COS_ID" IS NOT NULL) NOT DEFERRABLE INITIALLY IMMEDIATE NORELY VALIDATE;
ALTER TABLE "CSUORACLE"."COS" ADD CONSTRAINT "SYS_C0027498" CHECK ("COS_ID" IS NOT NULL) NOT DEFERRABLE INITIALLY IMMEDIATE NORELY VALIDATE;
ALTER TABLE "CSUORACLE"."COS" ADD CONSTRAINT "SYS_C0029257" CHECK ("COS_ID" IS NOT NULL) NOT DEFERRABLE INITIALLY IMMEDIATE NORELY VALIDATE;
ALTER TABLE "CSUORACLE"."COS" ADD CONSTRAINT "SYS_C007914" CHECK ("COS_ID" IS NOT NULL) NOT DEFERRABLE INITIALLY IMMEDIATE NORELY VALIDATE;

-- ----------------------------
-- Primary Key structure for table OCC
-- ----------------------------
ALTER TABLE "CSUORACLE"."OCC" ADD CONSTRAINT "OCC_PKEY" PRIMARY KEY ("OCC_ID");

-- ----------------------------
-- Checks structure for table OCC
-- ----------------------------
ALTER TABLE "CSUORACLE"."OCC" ADD CONSTRAINT "OCC_OCC_ID_CHECK" CHECK (("OCC_ID" IS NOT NULL)) NOT DEFERRABLE INITIALLY IMMEDIATE NORELY VALIDATE;
ALTER TABLE "CSUORACLE"."OCC" ADD CONSTRAINT "SYS_C0012479" CHECK ("OCC_ID" IS NOT NULL) NOT DEFERRABLE INITIALLY IMMEDIATE NORELY VALIDATE;
ALTER TABLE "CSUORACLE"."OCC" ADD CONSTRAINT "SYS_C0027512" CHECK ("OCC_ID" IS NOT NULL) NOT DEFERRABLE INITIALLY IMMEDIATE NORELY VALIDATE;
ALTER TABLE "CSUORACLE"."OCC" ADD CONSTRAINT "SYS_C0029272" CHECK ("OCC_ID" IS NOT NULL) NOT DEFERRABLE INITIALLY IMMEDIATE NORELY VALIDATE;
ALTER TABLE "CSUORACLE"."OCC" ADD CONSTRAINT "SYS_C007929" CHECK ("OCC_ID" IS NOT NULL) NOT DEFERRABLE INITIALLY IMMEDIATE NORELY VALIDATE;

-- ----------------------------
-- Primary Key structure for table ORIGEN
-- ----------------------------
ALTER TABLE "CSUORACLE"."ORIGEN" ADD CONSTRAINT "ORIGEN_PKEY" PRIMARY KEY ("ORIGEN_ID");

-- ----------------------------
-- Checks structure for table ORIGEN
-- ----------------------------
ALTER TABLE "CSUORACLE"."ORIGEN" ADD CONSTRAINT "ORIGEN_ORIGEN_ID_CHECK" CHECK (("ORIGEN_ID" IS NOT NULL)) NOT DEFERRABLE INITIALLY IMMEDIATE NORELY VALIDATE;
ALTER TABLE "CSUORACLE"."ORIGEN" ADD CONSTRAINT "SYS_C0012480" CHECK ("ORIGEN_ID" IS NOT NULL) NOT DEFERRABLE INITIALLY IMMEDIATE NORELY VALIDATE;
ALTER TABLE "CSUORACLE"."ORIGEN" ADD CONSTRAINT "SYS_C0027513" CHECK ("ORIGEN_ID" IS NOT NULL) NOT DEFERRABLE INITIALLY IMMEDIATE NORELY VALIDATE;
ALTER TABLE "CSUORACLE"."ORIGEN" ADD CONSTRAINT "SYS_C0029275" CHECK ("ORIGEN_ID" IS NOT NULL) NOT DEFERRABLE INITIALLY IMMEDIATE NORELY VALIDATE;
ALTER TABLE "CSUORACLE"."ORIGEN" ADD CONSTRAINT "SYS_C007930" CHECK ("ORIGEN_ID" IS NOT NULL) NOT DEFERRABLE INITIALLY IMMEDIATE NORELY VALIDATE;

-- ----------------------------
-- Foreign Keys structure for table OCC
-- ----------------------------
ALTER TABLE "CSUORACLE"."OCC" ADD CONSTRAINT "OCC_CONFIG_ID_FKEY" FOREIGN KEY ("CONFIG_ID") REFERENCES "CSUORACLE"."CONFIG" ("CONFIG_ID") ON DELETE CASCADE NOT DEFERRABLE INITIALLY IMMEDIATE NORELY VALIDATE;
ALTER TABLE "CSUORACLE"."OCC" ADD CONSTRAINT "OCC_CORTO_ID_FKEY" FOREIGN KEY ("CORTO_ID") REFERENCES "CSUORACLE"."CORTO" ("CORTO_ID") ON DELETE CASCADE NOT DEFERRABLE INITIALLY IMMEDIATE NORELY VALIDATE;
ALTER TABLE "CSUORACLE"."OCC" ADD CONSTRAINT "OCC_COS_ID_FKEY" FOREIGN KEY ("COS_ID") REFERENCES "CSUORACLE"."COS" ("COS_ID") ON DELETE CASCADE NOT DEFERRABLE INITIALLY IMMEDIATE NORELY VALIDATE;
ALTER TABLE "CSUORACLE"."OCC" ADD CONSTRAINT "OCC_ORIGEN_ID_FKEY" FOREIGN KEY ("ORIGEN_ID") REFERENCES "CSUORACLE"."ORIGEN" ("ORIGEN_ID") ON DELETE CASCADE NOT DEFERRABLE INITIALLY IMMEDIATE NORELY VALIDATE;
